{
  "input": "outputs\\phase1\\Washington_binary.png",
  "ref_paths": [
    "obstacle.png",
    "Double_obstacle.png"
  ],
  "parameters": {
    "tmpl_h_min": 7,
    "tmpl_h_max": 14,
    "tmpl_threshold": 0.45,
    "nms_radius": 12,
    "noise_max_area": 3,
    "long_ratio": 50.0,
    "long_dim": 50,
    "thin_max": 20,
    "density_sigma": 8.0,
    "density_thresh": 0.1,
    "density_max_area": 100,
    "chord_min_dim": 25,
    "chord_thresh": 1.2,
    "solid_thresh": 0.45,
    "symbol_max_dim": 80
  },
  "stats": {
    "noise": 56278,
    "long_line": 143,
    "thin": 1852,
    "density": 89131,
    "chord": 1440,
    "reinstated": 458,
    "size_gate": 2285,
    "kept": 51335
  },
  "detections": [
    [
      8638,
      232,
      0.8551994562149048
    ],
    [
      11539,
      5692,
      0.8551994562149048
    ],
    [
      7589,
      131,
      0.8551993370056152
    ],
    [
      5458,
      7730,
      0.8551992177963257
    ],
    [
      8013,
      2846,
      0.8476190567016602
    ],
    [
      7164,
      144,
      0.830336332321167
    ],
    [
      12094,
      6484,
      0.8283029198646545
    ],
    [
      11487,
      2617,
      0.8283029198646545
    ],
    [
      11909,
      5439,
      0.8283029198646545
    ],
    [
      11905,
      3996,
      0.828302800655365
    ],
    [
      11973,
      5642,
      0.828302800655365
    ],
    [
      8144,
      125,
      0.8283026814460754
    ],
    [
      10684,
      147,
      0.8283026814460754
    ],
    [
      8343,
      223,
      0.8283026814460754
    ],
    [
      7357,
      147,
      0.8283026814460754
    ],
    [
      11520,
      7024,
      0.8283026814460754
    ],
    [
      11968,
      6532,
      0.8283026814460754
    ],
    [
      11968,
      6289,
      0.8283026814460754
    ],
    [
      9051,
      263,
      0.8283026814460754
    ],
    [
      7758,
      128,
      0.8283026814460754
    ],
    [
      10856,
      137,
      0.8283026814460754
    ],
    [
      11468,
      245,
      0.8283026814460754
    ],
    [
      7645,
      195,
      0.8283026814460754
    ],
    [
      8287,
      202,
      0.8283026814460754
    ],
    [
      8287,
      316,
      0.8283026814460754
    ],
    [
      12049,
      3363,
      0.8283026814460754
    ],
    [
      8194,
      632,
      0.8283026218414307
    ],
    [
      10920,
      235,
      0.8246755599975586
    ],
    [
      11975,
      4762,
      0.810606062412262
    ],
    [
      8029,
      2660,
      0.8055557608604431
    ],
    [
      9777,
      770,
      0.8023349046707153
    ],
    [
      11736,
      998,
      0.8023349046707153
    ],
    [
      11736,
      5439,
      0.8023349046707153
    ],
    [
      11508,
      5412,
      0.8023349046707153
    ],
    [
      12105,
      3927,
      0.8023349046707153
    ],
    [
      11937,
      6532,
      0.8023349046707153
    ],
    [
      11213,
      302,
      0.8023347854614258
    ],
    [
      10569,
      242,
      0.8023347854614258
    ],
    [
      11824,
      4219,
      0.8023347854614258
    ],
    [
      11641,
      954,
      0.8023347854614258
    ],
    [
      8969,
      149,
      0.8023347854614258
    ],
    [
      11652,
      5642,
      0.8023347854614258
    ],
    [
      12193,
      1074,
      0.8023346662521362
    ],
    [
      11736,
      3980,
      0.8023346662521362
    ],
    [
      11321,
      198,
      0.8023346662521362
    ],
    [
      7677,
      128,
      0.8023346662521362
    ],
    [
      12162,
      3968,
      0.8023346662521362
    ],
    [
      8431,
      191,
      0.8023346662521362
    ],
    [
      11539,
      4836,
      0.8023346662521362
    ],
    [
      9019,
      687,
      0.8023346066474915
    ],
    [
      1744,
      9110,
      0.7977242469787598
    ],
    [
      11564,
      5453,
      0.7971104383468628
    ],
    [
      11884,
      5361,
      0.7971104383468628
    ],
    [
      11687,
      2276,
      0.7971104383468628
    ],
    [
      11711,
      5362,
      0.7971104383468628
    ],
    [
      7438,
      117,
      0.7971104383468628
    ],
    [
      12218,
      3968,
      0.7971102595329285
    ],
    [
      11767,
      4029,
      0.7971102595329285
    ],
    [
      7438,
      149,
      0.7971102595329285
    ],
    [
      7846,
      206,
      0.7971102595329285
    ],
    [
      7934,
      131,
      0.7971102595329285
    ],
    [
      8969,
      1414,
      0.7971102595329285
    ],
    [
      8807,
      154,
      0.7971101403236389
    ],
    [
      11961,
      3968,
      0.7971101403236389
    ],
    [
      12111,
      884,
      0.7944616079330444
    ],
    [
      8374,
      332,
      0.7944614887237549
    ],
    [
      7223,
      284,
      0.7925939559936523
    ],
    [
      12002,
      7088,
      0.7910173535346985
    ],
    [
      8638,
      1412,
      0.7883565425872803
    ],
    [
      8343,
      134,
      0.7883563041687012
    ],
    [
      12193,
      1134,
      0.7883563041687012
    ],
    [
      11825,
      2707,
      0.7883561253547668
    ],
    [
      11993,
      4168,
      0.7883561253547668
    ],
    [
      1410,
      4051,
      0.7832863926887512
    ],
    [
      12125,
      6532,
      0.777212381362915
    ],
    [
      11665,
      1060,
      0.7772122025489807
    ],
    [
      12112,
      1024,
      0.7772122025489807
    ],
    [
      7495,
      309,
      0.7772120833396912
    ],
    [
      9827,
      765,
      0.7772120833396912
    ],
    [
      11510,
      3968,
      0.7772120833396912
    ],
    [
      11963,
      2387,
      0.7772120833396912
    ],
    [
      11483,
      4834,
      0.7772120833396912
    ],
    [
      11123,
      259,
      0.7772119641304016
    ],
    [
      10831,
      316,
      0.7772119641304016
    ],
    [
      11156,
      157,
      0.7772119641304016
    ],
    [
      7470,
      254,
      0.7772119641304016
    ],
    [
      8663,
      123,
      0.7772119641304016
    ],
    [
      11917,
      193,
      0.7772119641304016
    ],
    [
      10193,
      466,
      0.7772119641304016
    ],
    [
      10193,
      338,
      0.7772119641304016
    ],
    [
      11849,
      3927,
      0.7772119641304016
    ],
    [
      11974,
      1048,
      0.7772119641304016
    ],
    [
      11567,
      3968,
      0.7772119641304016
    ],
    [
      1262,
      8786,
      0.7761988639831543
    ],
    [
      1744,
      9159,
      0.7758644223213196
    ],
    [
      4718,
      749,
      0.7758644223213196
    ],
    [
      2896,
      10336,
      0.7758644223213196
    ],
    [
      3734,
      6165,
      0.7731114625930786
    ],
    [
      5447,
      3178,
      0.7731113433837891
    ],
    [
      1814,
      3860,
      0.7731113433837891
    ],
    [
      1763,
      9153,
      0.771554708480835
    ],
    [
      8433,
      148,
      0.7715545892715454
    ],
    [
      11620,
      5412,
      0.7705143690109253
    ],
    [
      11942,
      1125,
      0.7705143690109253
    ],
    [
      11677,
      5412,
      0.7705143690109253
    ],
    [
      11712,
      5624,
      0.7705143690109253
    ],
    [
      12213,
      6504,
      0.7705143690109253
    ],
    [
      12031,
      7216,
      0.7705143690109253
    ],
    [
      11457,
      6356,
      0.7705141305923462
    ],
    [
      11942,
      1251,
      0.7705141305923462
    ],
    [
      12054,
      5502,
      0.7662340998649597
    ],
    [
      11936,
      6289,
      0.7662339806556702
    ],
    [
      8112,
      169,
      0.7662339806556702
    ],
    [
      12188,
      2387,
      0.7662339806556702
    ],
    [
      11941,
      5642,
      0.7662339806556702
    ],
    [
      12054,
      5642,
      0.7662338614463806
    ],
    [
      10989,
      123,
      0.7662338614463806
    ],
    [
